Vx,Vy,Vz,Ax,Ay,Az,altitude,temperature,pressure,timeStamp,timeMilliSeconds
1,2,3,4,5,6,100,25,0,45,10,12:40:11 pm,1755501011878
0,-1,2,0,0,0,200,24,10,-30,-20,12:40:14 pm,1755501014803
3,1,0,-2,1,4,150,23,-30,180,50,12:40:17 pm,1755501017809
2,2,2,2,2,2,180,22,180,28.9,-160,12:40:20 pm,1755501020824
1,2,3,4,5,6,100,25,0,45,10,12:40:23 pm,1755501023834
0,-1,2,0,0,0,200,24,10,-30,-20,12:40:26 pm,1755501026837
3,1,0,-2,1,4,150,23,-30,180,50,12:40:29 pm,1755501029846
2,2,2,2,2,2,180,22,180,28.9,-160,12:40:32 pm,1755501032860
1,2,3,4,5,6,100,25,0,45,10,12:40:35 pm,1755501035874
0,-1,2,0,0,0,200,24,10,-30,-20,12:40:38 pm,1755501038885
3,1,0,-2,1,4,150,23,-30,180,50,12:40:41 pm,1755501041887
2,2,2,2,2,2,180,22,180,28.9,-160,12:40:44 pm,1755501044898
1,2,3,4,5,6,100,25,0,45,10,12:40:47 pm,1755501047912
0,-1,2,0,0,0,200,24,10,-30,-20,12:40:50 pm,1755501050915
3,1,0,-2,1,4,150,23,-30,180,50,12:40:53 pm,1755501053922
2,2,2,2,2,2,180,22,180,28.9,-160,12:40:56 pm,1755501056937
1,2,3,4,5,6,100,25,0,45,10,12:40:59 pm,1755501059939
0,-1,2,0,0,0,200,24,10,-30,-20,12:41:02 pm,1755501062943
3,1,0,-2,1,4,150,23,-30,180,50,12:41:05 pm,1755501065956
2,2,2,2,2,2,180,22,180,28.9,-160,12:41:08 pm,1755501068958
1,2,3,4,5,6,100,25,0,45,10,12:41:11 pm,1755501071970
0,-1,2,0,0,0,200,24,10,-30,-20,12:41:14 pm,1755501074981
3,1,0,-2,1,4,150,23,-30,180,50,12:41:17 pm,1755501077982
2,2,2,2,2,2,180,22,180,28.9,-160,12:41:20 pm,1755501080984
1,2,3,4,5,6,100,25,0,45,10,12:41:23 pm,1755501083985
0,-1,2,0,0,0,200,24,10,-30,-20,12:41:26 pm,1755501086987
3,1,0,-2,1,4,150,23,-30,180,50,12:41:29 pm,1755501089992
2,2,2,2,2,2,180,22,180,28.9,-160,12:41:32 pm,1755501092998
1,2,3,4,5,6,100,25,0,45,10,12:41:36 pm,1755501096010
0,-1,2,0,0,0,200,24,10,-30,-20,12:41:39 pm,1755501099017
3,1,0,-2,1,4,150,23,-30,180,50,12:41:42 pm,1755501102030
2,2,2,2,2,2,180,22,180,28.9,-160,12:41:45 pm,1755501105043
1,2,3,4,5,6,100,25,0,45,10,12:41:48 pm,1755501108044
0,-1,2,0,0,0,200,24,10,-30,-20,12:41:51 pm,1755501111056
3,1,0,-2,1,4,150,23,-30,180,50,12:41:54 pm,1755501114057
2,2,2,2,2,2,180,22,180,28.9,-160,12:41:57 pm,1755501117061
1,2,3,4,5,6,100,25,0,45,10,12:42:00 pm,1755501120070
1,2,3,4,5,6,100,25,0,45,10,3:27:11 pm,1755511031207
0,-1,2,0,0,0,200,24,10,-30,-20,3:27:14 pm,1755511034113
3,1,0,-2,1,4,150,23,-30,180,50,3:27:17 pm,1755511037126
2,2,2,2,2,2,180,22,180,28.9,-160,3:27:20 pm,1755511040140
1,2,3,4,5,6,100,25,0,45,10,3:27:23 pm,1755511043142
0,-1,2,0,0,0,200,24,10,-30,-20,3:27:26 pm,1755511046156
3,1,0,-2,1,4,150,23,-30,180,50,3:27:29 pm,1755511049160
2,2,2,2,2,2,180,22,180,28.9,-160,3:27:32 pm,1755511052174
1,2,3,4,5,6,100,25,0,45,10,3:27:35 pm,1755511055177
0,-1,2,0,0,0,200,24,10,-30,-20,3:27:38 pm,1755511058186
3,1,0,-2,1,4,150,23,-30,180,50,3:27:41 pm,1755511061197
2,2,2,2,2,2,180,22,180,28.9,-160,3:27:44 pm,1755511064209
1,2,3,4,5,6,100,25,0,45,10,3:27:47 pm,1755511067216
0,-1,2,0,0,0,200,24,10,-30,-20,3:27:50 pm,1755511070231
3,1,0,-2,1,4,150,23,-30,180,50,3:27:53 pm,1755511073232
2,2,2,2,2,2,180,22,180,28.9,-160,3:27:56 pm,1755511076236
1,2,3,4,5,6,100,25,0,45,10,3:27:59 pm,1755511079247
0,-1,2,0,0,0,200,24,10,-30,-20,3:28:02 pm,1755511082252
3,1,0,-2,1,4,150,23,-30,180,50,3:28:05 pm,1755511085253
2,2,2,2,2,2,180,22,180,28.9,-160,3:28:08 pm,1755511088258
1,2,3,4,5,6,100,25,0,45,10,3:28:11 pm,1755511091261
0,-1,2,0,0,0,200,24,10,-30,-20,3:28:14 pm,1755511094270
3,1,0,-2,1,4,150,23,-30,180,50,3:28:17 pm,1755511097284
2,2,2,2,2,2,180,22,180,28.9,-160,3:28:20 pm,1755511100295
1,2,3,4,5,6,100,25,0,45,10,3:28:23 pm,1755511103297
0,-1,2,0,0,0,200,24,10,-30,-20,3:28:26 pm,1755511106305
3,1,0,-2,1,4,150,23,-30,180,50,3:28:29 pm,1755511109318
2,2,2,2,2,2,180,22,180,28.9,-160,3:28:32 pm,1755511112326
1,2,3,4,5,6,100,25,0,45,10,3:28:35 pm,1755511115337
1,2,3,4,5,6,100,25,0,45,10,3:41:39 pm,1755511899812
0,-1,2,0,0,0,200,24,10,-30,-20,3:41:42 pm,1755511902769
3,1,0,-2,1,4,150,23,-30,180,50,3:41:45 pm,1755511905784
2,2,2,2,2,2,180,22,180,28.9,-160,3:41:48 pm,1755511908798
1,2,3,4,5,6,100,25,0,45,10,3:41:51 pm,1755511911804
1,2,3,4,5,6,100,25,0,45,10,3:42:48 pm,1755511968137
0,-1,2,0,0,0,200,24,10,-30,-20,3:42:51 pm,1755511971094
3,1,0,-2,1,4,150,23,-30,180,50,3:42:54 pm,1755511974106
2,2,2,2,2,2,180,22,180,28.9,-160,3:42:57 pm,1755511977118
1,2,3,4,5,6,100,25,0,45,10,3:43:00 pm,1755511980130
0,-1,2,0,0,0,200,24,10,-30,-20,3:43:03 pm,1755511983140
3,1,0,-2,1,4,150,23,-30,180,50,3:43:06 pm,1755511986147
2,2,2,2,2,2,180,22,180,28.9,-160,3:43:09 pm,1755511989160
1,2,3,4,5,6,100,25,0,45,10,3:43:12 pm,1755511992171
0,-1,2,0,0,0,200,24,10,-30,-20,3:43:15 pm,1755511995177
3,1,0,-2,1,4,150,23,-30,180,50,3:43:18 pm,1755511998190
2,2,2,2,2,2,180,22,180,28.9,-160,3:43:21 pm,1755512001204
1,2,3,4,5,6,100,25,0,45,10,3:43:24 pm,1755512004216
0,-1,2,0,0,0,200,24,10,-30,-20,3:43:27 pm,1755512007220
1,2,3,4,5,6,100,25,0,45,10,3:44:48 pm,1755512088668
0,-1,2,0,0,0,200,24,10,-30,-20,3:44:51 pm,1755512091619
3,1,0,-2,1,4,150,23,-30,180,50,3:44:54 pm,1755512094634
2,2,2,2,2,2,180,22,180,28.9,-160,3:44:57 pm,1755512097638
1,2,3,4,5,6,100,25,0,45,10,3:45:00 pm,1755512100647
1,2,3,4,5,6,100,25,0,45,10,3:48:35 pm,1755512315255
0,-1,2,0,0,0,200,24,10,-30,-20,3:48:38 pm,1755512318219
3,1,0,-2,1,4,150,23,-30,180,50,3:48:41 pm,1755512321229
2,2,2,2,2,2,180,22,180,28.9,-160,3:48:44 pm,1755512324243
1,2,3,4,5,6,100,25,0,45,10,3:48:47 pm,1755512327252
0,-1,2,0,0,0,200,24,10,-30,-20,3:48:50 pm,1755512330259
3,1,0,-2,1,4,150,23,-30,180,50,3:48:53 pm,1755512333269
2,2,2,2,2,2,180,22,180,28.9,-160,3:48:56 pm,1755512336270
1,2,3,4,5,6,100,25,0,45,10,3:48:59 pm,1755512339274
0,-1,2,0,0,0,200,24,10,-30,-20,3:49:02 pm,1755512342282
1,2,3,4,5,6,100,25,0,45,10,3:50:56 pm,1755512456879
0,-1,2,0,0,0,200,24,10,-30,-20,3:50:59 pm,1755512459878
3,1,0,-2,1,4,150,23,-30,180,50,3:51:02 pm,1755512462882
2,2,2,2,2,2,180,22,180,28.9,-160,3:51:05 pm,1755512465887
1,2,3,4,5,6,100,25,0,45,10,3:54:03 pm,1755512643785
0,-1,2,0,0,0,200,24,10,-30,-20,3:54:06 pm,1755512646747
3,1,0,-2,1,4,150,23,-30,180,50,3:54:09 pm,1755512649762
2,2,2,2,2,2,180,22,180,28.9,-160,3:54:12 pm,1755512652771
1,2,3,4,5,6,100,25,0,45,10,3:54:15 pm,1755512655782
0,-1,2,0,0,0,200,24,10,-30,-20,3:54:18 pm,1755512658797
3,1,0,-2,1,4,150,23,-30,180,50,3:54:21 pm,1755512661799
2,2,2,2,2,2,180,22,180,28.9,-160,3:54:24 pm,1755512664798
1,2,3,4,5,6,100,25,0,45,10,3:54:27 pm,1755512667798
0,-1,2,0,0,0,200,24,10,-30,-20,3:54:30 pm,1755512670807
3,1,0,-2,1,4,150,23,-30,180,50,3:54:33 pm,1755512673812
1,2,3,4,5,6,100,25,0,45,10,3:56:21 pm,1755512781906
0,-1,2,0,0,0,200,24,10,-30,-20,3:56:24 pm,1755512784849
3,1,0,-2,1,4,150,23,-30,180,50,3:56:27 pm,1755512787856
2,2,2,2,2,2,180,22,180,28.9,-160,3:56:30 pm,1755512790860
1,2,3,4,5,6,100,25,0,45,10,3:56:33 pm,1755512793871
0,-1,2,0,0,0,200,24,10,-30,-20,3:56:36 pm,1755512796873
3,1,0,-2,1,4,150,23,-30,180,50,3:56:39 pm,1755512799873
2,2,2,2,2,2,180,22,180,28.9,-160,3:56:42 pm,1755512802883
1,2,3,4,5,6,100,25,0,45,10,3:56:45 pm,1755512805886
0,-1,2,0,0,0,200,24,10,-30,-20,3:56:48 pm,1755512808900
3,1,0,-2,1,4,150,23,-30,180,50,3:56:51 pm,1755512811911
2,2,2,2,2,2,180,22,180,28.9,-160,3:56:54 pm,1755512814922
1,2,3,4,5,6,100,25,0,45,10,3:56:57 pm,1755512817935
0,-1,2,0,0,0,200,24,10,-30,-20,3:57:00 pm,1755512820939
3,1,0,-2,1,4,150,23,-30,180,50,3:57:03 pm,1755512823947
2,2,2,2,2,2,180,22,180,28.9,-160,3:57:06 pm,1755512826961
1,2,3,4,5,6,100,25,0,45,10,3:57:09 pm,1755512829965
0,-1,2,0,0,0,200,24,10,-30,-20,3:57:12 pm,1755512832970
3,1,0,-2,1,4,150,23,-30,180,50,3:57:15 pm,1755512835974
2,2,2,2,2,2,180,22,180,28.9,-160,3:57:18 pm,1755512838974
1,2,3,4,5,6,100,25,0,45,10,3:57:21 pm,1755512841974
0,-1,2,0,0,0,200,24,10,-30,-20,3:57:24 pm,1755512844990
3,1,0,-2,1,4,150,23,-30,180,50,3:57:28 pm,1755512848005
2,2,2,2,2,2,180,22,180,28.9,-160,3:57:31 pm,1755512851015
1,2,3,4,5,6,100,25,0,45,10,3:57:34 pm,1755512854023
0,-1,2,0,0,0,200,24,10,-30,-20,3:57:37 pm,1755512857023
3,1,0,-2,1,4,150,23,-30,180,50,3:57:40 pm,1755512860024
2,2,2,2,2,2,180,22,180,28.9,-160,3:57:43 pm,1755512863036
1,2,3,4,5,6,100,25,0,45,10,3:57:46 pm,1755512866049
0,-1,2,0,0,0,200,24,10,-30,-20,3:57:49 pm,1755512869050
3,1,0,-2,1,4,150,23,-30,180,50,3:57:52 pm,1755512872058
2,2,2,2,2,2,180,22,180,28.9,-160,3:57:55 pm,1755512875063
1,2,3,4,5,6,100,25,0,45,10,3:57:58 pm,1755512878077
0,-1,2,0,0,0,200,24,10,-30,-20,3:58:01 pm,1755512881080
3,1,0,-2,1,4,150,23,-30,180,50,3:58:04 pm,1755512884083
2,2,2,2,2,2,180,22,180,28.9,-160,3:58:07 pm,1755512887085
1,2,3,4,5,6,100,25,0,45,10,3:58:10 pm,1755512890094
0,-1,2,0,0,0,200,24,10,-30,-20,3:58:13 pm,1755512893097
3,1,0,-2,1,4,150,23,-30,180,50,3:58:16 pm,1755512896113
2,2,2,2,2,2,180,22,180,28.9,-160,3:58:19 pm,1755512899127
1,2,3,4,5,6,100,25,0,45,10,3:58:22 pm,1755512902141
0,-1,2,0,0,0,200,24,10,-30,-20,3:58:25 pm,1755512905147
3,1,0,-2,1,4,150,23,-30,180,50,3:58:28 pm,1755512908150
2,2,2,2,2,2,180,22,180,28.9,-160,3:58:31 pm,1755512911164
1,2,3,4,5,6,100,25,0,45,10,3:58:34 pm,1755512914164
0,-1,2,0,0,0,200,24,10,-30,-20,3:58:37 pm,1755512917167
3,1,0,-2,1,4,150,23,-30,180,50,3:58:40 pm,1755512920167
2,2,2,2,2,2,180,22,180,28.9,-160,3:58:43 pm,1755512923178
1,2,3,4,5,6,100,25,0,45,10,3:58:46 pm,1755512926179
0,-1,2,0,0,0,200,24,10,-30,-20,3:58:49 pm,1755512929182
3,1,0,-2,1,4,150,23,-30,180,50,3:58:52 pm,1755512932190
2,2,2,2,2,2,180,22,180,28.9,-160,3:58:55 pm,1755512935195
1,2,3,4,5,6,100,25,0,45,10,3:58:58 pm,1755512938207
0,-1,2,0,0,0,200,24,10,-30,-20,3:59:01 pm,1755512941222
1,2,3,4,5,6,100,25,0,45,10,4:01:51 pm,1755513111348
0,-1,2,0,0,0,200,24,10,-30,-20,4:01:54 pm,1755513114302
3,1,0,-2,1,4,150,23,-30,180,50,4:01:57 pm,1755513117308
2,2,2,2,2,2,180,22,180,28.9,-160,4:02:00 pm,1755513120319
1,2,3,4,5,6,100,25,0,45,10,4:03:11 pm,1755513191065
0,-1,2,0,0,0,200,24,10,-30,-20,4:03:14 pm,1755513194024
3,1,0,-2,1,4,150,23,-30,180,50,4:03:17 pm,1755513197037
2,2,2,2,2,2,180,22,180,28.9,-160,4:03:20 pm,1755513200049
1,2,3,4,5,6,100,25,0,45,10,4:04:01 pm,1755513241287
0,-1,2,0,0,0,200,24,10,-30,-20,4:04:04 pm,1755513244230
1,2,3,4,5,6,100,25,0,45,10,4:05:57 pm,1755513357183
0,-1,2,0,0,0,200,24,10,-30,-20,4:06:00 pm,1755513360118
1,2,3,4,5,6,100,25,0,45,10,4:06:42 pm,1755513402830
0,-1,2,0,0,0,200,24,10,-30,-20,4:06:45 pm,1755513405821
3,1,0,-2,1,4,150,23,-30,180,50,4:06:48 pm,1755513408833
2,2,2,2,2,2,180,22,180,28.9,-160,4:06:51 pm,1755513411848
1,2,3,4,5,6,100,25,0,45,10,4:06:54 pm,1755513414857
1,2,3,4,5,6,100,25,0,45,10,4:08:29 pm,1755513509825
0,-1,2,0,0,0,200,24,10,-30,-20,4:08:32 pm,1755513512824
3,1,0,-2,1,4,150,23,-30,180,50,4:08:35 pm,1755513515833
2,2,2,2,2,2,180,22,180,28.9,-160,4:08:38 pm,1755513518847
1,2,3,4,5,6,100,25,0,45,10,4:08:41 pm,1755513521859
1,2,3,4,5,6,100,25,0,45,10,4:10:28 pm,1755513628108
0,-1,2,0,0,0,200,24,10,-30,-20,4:10:31 pm,1755513631066
3,1,0,-2,1,4,150,23,-30,180,50,4:10:34 pm,1755513634073
2,2,2,2,2,2,180,22,180,28.9,-160,4:10:37 pm,1755513637084
1,2,3,4,5,6,100,25,0,45,10,4:10:40 pm,1755513640095
0,-1,2,0,0,0,200,24,10,-30,-20,4:10:43 pm,1755513643105
3,1,0,-2,1,4,150,23,-30,180,50,4:10:46 pm,1755513646118
2,2,2,2,2,2,180,22,180,28.9,-160,4:10:49 pm,1755513649123
1,2,3,4,5,6,100,25,0,45,10,4:10:52 pm,1755513652135
0,-1,2,0,0,0,200,24,10,-30,-20,4:10:55 pm,1755513655140
3,1,0,-2,1,4,150,23,-30,180,50,4:10:58 pm,1755513658151
2,2,2,2,2,2,180,22,180,28.9,-160,4:11:01 pm,1755513661165
1,2,3,4,5,6,100,25,0,45,10,4:11:04 pm,1755513664170
0,-1,2,0,0,0,200,24,10,-30,-20,4:11:07 pm,1755513667180
3,1,0,-2,1,4,150,23,-30,180,50,4:11:10 pm,1755513670190
1,2,3,4,5,6,100,25,0,45,10,4:11:47 pm,1755513707886
0,-1,2,0,0,0,200,24,10,-30,-20,4:11:50 pm,1755513710881
1,2,3,4,5,6,100,25,0,45,10,4:12:21 pm,1755513741790
0,-1,2,0,0,0,200,24,10,-30,-20,4:12:24 pm,1755513744788
3,1,0,-2,1,4,150,23,-30,180,50,4:12:27 pm,1755513747801
2,2,2,2,2,2,180,22,180,28.9,-160,4:12:30 pm,1755513750810
1,2,3,4,5,6,100,25,0,45,10,4:12:33 pm,1755513753825
1,2,3,4,5,6,100,25,0,45,10,4:14:16 pm,1755513856727
0,-1,2,0,0,0,200,24,10,-30,-20,4:14:19 pm,1755513859682
3,1,0,-2,1,4,150,23,-30,180,50,4:14:22 pm,1755513862686
2,2,2,2,2,2,180,22,180,28.9,-160,4:14:25 pm,1755513865687
1,2,3,4,5,6,100,25,0,45,10,4:14:28 pm,1755513868702
0,-1,2,0,0,0,200,24,10,-30,-20,4:14:31 pm,1755513871702
3,1,0,-2,1,4,150,23,-30,180,50,4:14:34 pm,1755513874717
2,2,2,2,2,2,180,22,180,28.9,-160,4:14:37 pm,1755513877732
1,2,3,4,5,6,100,25,0,45,10,4:14:40 pm,1755513880732
0,-1,2,0,0,0,200,24,10,-30,-20,4:14:43 pm,1755513883737
3,1,0,-2,1,4,150,23,-30,180,50,4:14:46 pm,1755513886752
2,2,2,2,2,2,180,22,180,28.9,-160,4:14:49 pm,1755513889753
1,2,3,4,5,6,100,25,0,45,10,4:22:59 pm,1755514379609
0,-1,2,0,0,0,200,24,10,-30,-20,4:23:02 pm,1755514382570
3,1,0,-2,1,4,150,23,-30,180,50,4:23:05 pm,1755514385571
1,2,3,4,5,6,100,25,0,45,10,4:25:44 pm,1755514544580
0,-1,2,0,0,0,200,24,10,-30,-20,4:25:47 pm,1755514547540
1,2,3,4,5,6,100,25,0,45,10,4:27:29 pm,1755514649530
0,-1,2,0,0,0,200,24,10,-30,-20,4:27:32 pm,1755514652527
3,1,0,-2,1,4,150,23,-30,180,50,4:27:35 pm,1755514655536
2,2,2,2,2,2,180,22,180,28.9,-160,4:27:38 pm,1755514658551
1,2,3,4,5,6,100,25,0,45,10,4:27:41 pm,1755514661562
0,-1,2,0,0,0,200,24,10,-30,-20,4:27:44 pm,1755514664571
3,1,0,-2,1,4,150,23,-30,180,50,4:27:47 pm,1755514667585
2,2,2,2,2,2,180,22,180,28.9,-160,4:27:50 pm,1755514670593
1,2,3,4,5,6,100,25,0,45,10,4:28:46 pm,1755514727011
0,-1,2,0,0,0,200,24,10,-30,-20,4:28:49 pm,1755514729966
3,1,0,-2,1,4,150,23,-30,180,50,4:28:52 pm,1755514732969
2,2,2,2,2,2,180,22,180,28.9,-160,4:28:55 pm,1755514735972
1,2,3,4,5,6,100,25,0,45,10,4:28:58 pm,1755514738980
0,-1,2,0,0,0,200,24,10,-30,-20,4:29:01 pm,1755514741992
3,1,0,-2,1,4,150,23,-30,180,50,4:29:04 pm,1755514744999
2,2,2,2,2,2,180,22,180,28.9,-160,4:29:08 pm,1755514748002
1,2,3,4,5,6,100,25,0,45,10,4:29:11 pm,1755514751008
0,-1,2,0,0,0,200,24,10,-30,-20,4:29:14 pm,1755514754012
3,1,0,-2,1,4,150,23,-30,180,50,4:29:17 pm,1755514757021
2,2,2,2,2,2,180,22,180,28.9,-160,4:29:20 pm,1755514760035
1,2,3,4,5,6,100,25,0,45,10,4:30:04 pm,1755514804110
0,-1,2,0,0,0,200,24,10,-30,-20,4:30:07 pm,1755514807109
3,1,0,-2,1,4,150,23,-30,180,50,4:30:10 pm,1755514810118
2,2,2,2,2,2,180,22,180,28.9,-160,4:30:13 pm,1755514813130
1,2,3,4,5,6,100,25,0,45,10,4:30:49 pm,1755514849153
0,-1,2,0,0,0,200,24,10,-30,-20,4:30:52 pm,1755514852144
3,1,0,-2,1,4,150,23,-30,180,50,4:30:55 pm,1755514855153
2,2,2,2,2,2,180,22,180,28.9,-160,4:30:58 pm,1755514858164
1,2,3,4,5,6,100,25,0,45,10,4:31:01 pm,1755514861172
0,-1,2,0,0,0,200,24,10,-30,-20,4:31:04 pm,1755514864179
3,1,0,-2,1,4,150,23,-30,180,50,4:31:07 pm,1755514867186
2,2,2,2,2,2,180,22,180,28.9,-160,4:31:10 pm,1755514870193
1,2,3,4,5,6,100,25,0,45,10,4:31:13 pm,1755514873203
1,2,3,4,5,6,100,25,0,45,10,4:32:54 pm,1755514974475
0,-1,2,0,0,0,200,24,10,-30,-20,4:32:57 pm,1755514977423
3,1,0,-2,1,4,150,23,-30,180,50,4:33:00 pm,1755514980423
2,2,2,2,2,2,180,22,180,28.9,-160,4:33:03 pm,1755514983433
1,2,3,4,5,6,100,25,0,45,10,4:33:06 pm,1755514986441
1,2,3,4,5,6,100,25,0,45,10,4:34:52 pm,1755515092112
0,-1,2,0,0,0,200,24,10,-30,-20,4:34:55 pm,1755515095063
3,1,0,-2,1,4,150,23,-30,180,50,4:34:58 pm,1755515098072
2,2,2,2,2,2,180,22,180,28.9,-160,4:35:01 pm,1755515101079
1,2,3,4,5,6,100,25,0,45,10,4:35:04 pm,1755515104083
0,-1,2,0,0,0,200,24,10,-30,-20,4:35:07 pm,1755515107088
3,1,0,-2,1,4,150,23,-30,180,50,4:35:10 pm,1755515110101
2,2,2,2,2,2,180,22,180,28.9,-160,4:35:13 pm,1755515113116
1,2,3,4,5,6,100,25,0,45,10,4:35:16 pm,1755515116127
0,-1,2,0,0,0,200,24,10,-30,-20,4:35:19 pm,1755515119136
3,1,0,-2,1,4,150,23,-30,180,50,4:35:22 pm,1755515122147
2,2,2,2,2,2,180,22,180,28.9,-160,4:35:25 pm,1755515125151
1,2,3,4,5,6,100,25,0,45,10,4:35:28 pm,1755515128161
0,-1,2,0,0,0,200,24,10,-30,-20,4:35:31 pm,1755515131176
3,1,0,-2,1,4,150,23,-30,180,50,4:35:34 pm,1755515134192
2,2,2,2,2,2,180,22,180,28.9,-160,4:35:37 pm,1755515137197
1,2,3,4,5,6,100,25,0,45,10,4:35:40 pm,1755515140201
0,-1,2,0,0,0,200,24,10,-30,-20,4:35:43 pm,1755515143210
3,1,0,-2,1,4,150,23,-30,180,50,4:35:46 pm,1755515146220
1,2,3,4,5,6,100,25,0,45,10,4:36:34 pm,1755515194400
0,-1,2,0,0,0,200,24,10,-30,-20,4:36:37 pm,1755515197391
3,1,0,-2,1,4,150,23,-30,180,50,4:36:40 pm,1755515200400
2,2,2,2,2,2,180,22,180,28.9,-160,4:36:43 pm,1755515203412
1,2,3,4,5,6,100,25,0,45,10,4:36:46 pm,1755515206424
1,2,3,4,5,6,100,25,0,45,10,4:37:11 pm,1755515231264
0,-1,2,0,0,0,200,24,10,-30,-20,4:37:14 pm,1755515234261
1,2,3,4,5,6,100,25,0,45,10,4:37:43 pm,1755515263958
0,-1,2,0,0,0,200,24,10,-30,-20,4:37:46 pm,1755515266948
3,1,0,-2,1,4,150,23,-30,180,50,4:37:49 pm,1755515269955
2,2,2,2,2,2,180,22,180,28.9,-160,4:37:52 pm,1755515272963
1,2,3,4,5,6,100,25,0,45,10,4:37:55 pm,1755515275973
0,-1,2,0,0,0,200,24,10,-30,-20,4:37:58 pm,1755515278985
3,1,0,-2,1,4,150,23,-30,180,50,4:38:01 pm,1755515281997
1,2,3,4,5,6,100,25,0,45,10,4:39:20 pm,1755515360871
0,-1,2,0,0,0,200,24,10,-30,-20,4:39:23 pm,1755515363819
3,1,0,-2,1,4,150,23,-30,180,50,4:39:26 pm,1755515366833
1,2,3,4,5,6,100,25,0,45,10,4:40:29 pm,1755515429975
0,-1,2,0,0,0,200,24,10,-30,-20,4:40:32 pm,1755515432967
3,1,0,-2,1,4,150,23,-30,180,50,4:40:35 pm,1755515435977
1,2,3,4,5,6,100,25,0,45,10,4:43:27 pm,1755515607365
0,-1,2,0,0,0,200,24,10,-30,-20,4:43:30 pm,1755515610321
3,1,0,-2,1,4,150,23,-30,180,50,4:43:33 pm,1755515613321
2,2,2,2,2,2,180,22,180,28.9,-160,4:43:36 pm,1755515616324
1,2,3,4,5,6,100,25,0,45,10,4:43:39 pm,1755515619334
0,-1,2,0,0,0,200,24,10,-30,-20,4:43:42 pm,1755515622346
3,1,0,-2,1,4,150,23,-30,180,50,4:43:45 pm,1755515625360
2,2,2,2,2,2,180,22,180,28.9,-160,4:43:48 pm,1755515628366
1,2,3,4,5,6,100,25,0,45,10,4:43:51 pm,1755515631375
1,2,3,4,5,6,100,25,0,45,10,4:44:34 pm,1755515674194
0,-1,2,0,0,0,200,24,10,-30,-20,4:44:37 pm,1755515677193
3,1,0,-2,1,4,150,23,-30,180,50,4:44:40 pm,1755515680203
2,2,2,2,2,2,180,22,180,28.9,-160,4:44:43 pm,1755515683210
1,2,3,4,5,6,100,25,0,45,10,4:44:46 pm,1755515686220
0,-1,2,0,0,0,200,24,10,-30,-20,4:44:49 pm,1755515689221
3,1,0,-2,1,4,150,23,-30,180,50,4:44:52 pm,1755515692228
2,2,2,2,2,2,180,22,180,28.9,-160,4:44:55 pm,1755515695231
1,2,3,4,5,6,100,25,0,45,10,4:44:58 pm,1755515698243
0,-1,2,0,0,0,200,24,10,-30,-20,4:45:01 pm,1755515701254
3,1,0,-2,1,4,150,23,-30,180,50,4:45:04 pm,1755515704263
1,2,3,4,5,6,100,25,0,45,10,4:54:19 pm,1755516259642
0,-1,2,0,0,0,200,24,10,-30,-20,4:54:22 pm,1755516262571
3,1,0,-2,1,4,150,23,-30,180,50,4:54:25 pm,1755516265581
2,2,2,2,2,2,180,22,180,28.9,-160,4:54:28 pm,1755516268596
1,2,3,4,5,6,100,25,0,45,10,4:55:31 pm,1755516331701
0,-1,2,0,0,0,200,24,10,-30,-20,4:55:34 pm,1755516334698
3,1,0,-2,1,4,150,23,-30,180,50,4:55:37 pm,1755516337708
1,2,3,4,5,6,100,25,0,45,10,4:56:41 pm,1755516401930
0,-1,2,0,0,0,200,24,10,-30,-20,4:56:44 pm,1755516404923
1,2,3,4,5,6,100,25,0,45,10,4:57:36 pm,1755516456379
0,-1,2,0,0,0,200,24,10,-30,-20,4:57:39 pm,1755516459376
3,1,0,-2,1,4,150,23,-30,180,50,4:57:42 pm,1755516462376
2,2,2,2,2,2,180,22,180,28.9,-160,4:57:45 pm,1755516465390
1,2,3,4,5,6,100,25,0,45,10,4:57:48 pm,1755516468392
1,2,3,4,5,6,100,25,0,45,10,4:58:15 pm,1755516495980
0,-1,2,0,0,0,200,24,10,-30,-20,4:58:18 pm,1755516498975
3,1,0,-2,1,4,150,23,-30,180,50,4:58:21 pm,1755516501983
1,2,3,4,5,6,100,25,0,45,10,4:58:55 pm,1755516535407
0,-1,2,0,0,0,200,24,10,-30,-20,4:58:58 pm,1755516538403
1,2,3,4,5,6,100,25,0,45,10,4:59:18 pm,1755516558619
0,-1,2,0,0,0,200,24,10,-30,-20,4:59:21 pm,1755516561613
3,1,0,-2,1,4,150,23,-30,180,50,4:59:24 pm,1755516564628
2,2,2,2,2,2,180,22,180,28.9,-160,4:59:27 pm,1755516567640
1,2,3,4,5,6,100,25,0,45,10,4:59:30 pm,1755516570642
0,-1,2,0,0,0,200,24,10,-30,-20,4:59:33 pm,1755516573641
3,1,0,-2,1,4,150,23,-30,180,50,4:59:36 pm,1755516576651
2,2,2,2,2,2,180,22,180,28.9,-160,4:59:39 pm,1755516579661
1,2,3,4,5,6,100,25,0,45,10,4:59:42 pm,1755516582670
0,-1,2,0,0,0,200,24,10,-30,-20,4:59:45 pm,1755516585684
3,1,0,-2,1,4,150,23,-30,180,50,4:59:48 pm,1755516588697
1,2,3,4,5,6,100,25,0,45,10,5:01:44 pm,1755516704506
0,-1,2,0,0,0,200,24,10,-30,-20,5:01:47 pm,1755516707455
3,1,0,-2,1,4,150,23,-30,180,50,5:01:50 pm,1755516710465
2,2,2,2,2,2,180,22,180,28.9,-160,5:01:53 pm,1755516713475
1,2,3,4,5,6,100,25,0,45,10,5:05:44 pm,1755516944983
0,-1,2,0,0,0,200,24,10,-30,-20,5:05:47 pm,1755516947939
3,1,0,-2,1,4,150,23,-30,180,50,5:05:50 pm,1755516950947
1,2,3,4,5,6,100,25,0,45,10,5:06:48 pm,1755517008136
1,2,3,4,5,6,100,25,0,45,10,5:07:25 pm,1755517045462
1,2,3,4,5,6,100,25,0,45,10,5:09:00 pm,1755517140149
0,-1,2,0,0,0,200,24,10,-30,-20,5:09:03 pm,1755517143107
1,2,3,4,5,6,100,25,0,45,10,5:09:32 pm,1755517172977
0,-1,2,0,0,0,200,24,10,-30,-20,5:09:35 pm,1755517175970
3,1,0,-2,1,4,150,23,-30,180,50,5:09:38 pm,1755517178977
2,2,2,2,2,2,180,22,180,28.9,-160,5:09:41 pm,1755517181987
1,2,3,4,5,6,100,25,0,45,10,5:11:18 pm,1755517278145
0,-1,2,0,0,0,200,24,10,-30,-20,5:11:21 pm,1755517281097
3,1,0,-2,1,4,150,23,-30,180,50,5:11:24 pm,1755517284105
1,2,3,4,5,6,100,25,0,45,10,5:11:49 pm,1755517309905
0,-1,2,0,0,0,200,24,10,-30,-20,5:11:52 pm,1755517312894
1,2,3,4,5,6,100,25,0,45,10,5:14:21 pm,1755517461735
0,-1,2,0,0,0,200,24,10,-30,-20,5:14:24 pm,1755517464698
3,1,0,-2,1,4,150,23,-30,180,50,5:14:27 pm,1755517467708
1,2,3,4,5,6,100,25,0,45,10,5:15:28 pm,1755517528610
0,-1,2,0,0,0,200,24,10,-30,-20,5:15:31 pm,1755517531563
3,1,0,-2,1,4,150,23,-30,180,50,5:15:34 pm,1755517534572
2,2,2,2,2,2,180,22,180,28.9,-160,5:15:37 pm,1755517537579
1,2,3,4,5,6,100,25,0,45,10,5:15:40 pm,1755517540589
0,-1,2,0,0,0,200,24,10,-30,-20,5:15:43 pm,1755517543595
3,1,0,-2,1,4,150,23,-30,180,50,5:15:46 pm,1755517546595
2,2,2,2,2,2,180,22,180,28.9,-160,5:15:49 pm,1755517549602
1,2,3,4,5,6,100,25,0,45,10,5:15:52 pm,1755517552616
0,-1,2,0,0,0,200,24,10,-30,-20,5:15:55 pm,1755517555618
3,1,0,-2,1,4,150,23,-30,180,50,5:15:58 pm,1755517558630
2,2,2,2,2,2,180,22,180,28.9,-160,5:16:01 pm,1755517561643
1,2,3,4,5,6,100,25,0,45,10,5:16:04 pm,1755517564650
1,2,3,4,5,6,100,25,0,45,10,5:17:05 pm,1755517625123
0,-1,2,0,0,0,200,24,10,-30,-20,5:17:08 pm,1755517628114
3,1,0,-2,1,4,150,23,-30,180,50,5:17:11 pm,1755517631121
2,2,2,2,2,2,180,22,180,28.9,-160,5:17:14 pm,1755517634129
1,2,3,4,5,6,100,25,0,45,10,5:17:17 pm,1755517637134
0,-1,2,0,0,0,200,24,10,-30,-20,5:17:20 pm,1755517640141
3,1,0,-2,1,4,150,23,-30,180,50,5:17:23 pm,1755517643150
2,2,2,2,2,2,180,22,180,28.9,-160,5:17:26 pm,1755517646161
1,2,3,4,5,6,100,25,0,45,10,5:17:29 pm,1755517649174
0,-1,2,0,0,0,200,24,10,-30,-20,5:17:32 pm,1755517652181
1,2,3,4,5,6,100,25,0,45,10,5:18:19 pm,1755517700023
0,-1,2,0,0,0,200,24,10,-30,-20,5:18:22 pm,1755517702977
3,1,0,-2,1,4,150,23,-30,180,50,5:18:25 pm,1755517705980
2,2,2,2,2,2,180,22,180,28.9,-160,5:18:28 pm,1755517708993
1,2,3,4,5,6,100,25,0,45,10,5:18:32 pm,1755517712008
0,-1,2,0,0,0,200,24,10,-30,-20,5:18:35 pm,1755517715011
3,1,0,-2,1,4,150,23,-30,180,50,5:18:38 pm,1755517718020
1,2,3,4,5,6,100,25,0,45,10,5:20:29 pm,1755517829972
0,-1,2,0,0,0,200,24,10,-30,-20,5:20:32 pm,1755517832922
3,1,0,-2,1,4,150,23,-30,180,50,5:20:35 pm,1755517835931
1,2,3,4,5,6,100,25,0,45,10,5:20:58 pm,1755517858144
0,-1,2,0,0,0,200,24,10,-30,-20,5:21:01 pm,1755517861131
3,1,0,-2,1,4,150,23,-30,180,50,5:21:04 pm,1755517864137
2,2,2,2,2,2,180,22,180,28.9,-160,5:21:07 pm,1755517867140
1,2,3,4,5,6,100,25,0,45,10,5:21:10 pm,1755517870145
0,-1,2,0,0,0,200,24,10,-30,-20,5:21:13 pm,1755517873158
1,2,3,4,5,6,100,25,0,45,10,5:21:50 pm,1755517910479
0,-1,2,0,0,0,200,24,10,-30,-20,5:21:53 pm,1755517913472
3,1,0,-2,1,4,150,23,-30,180,50,5:21:56 pm,1755517916477
1,2,3,4,5,6,100,25,0,45,10,5:25:59 pm,1755518159913
0,-1,2,0,0,0,200,24,10,-30,-20,5:26:02 pm,1755518162853
1,2,3,4,5,6,100,25,0,45,10,5:26:26 pm,1755518186030
0,-1,2,0,0,0,200,24,10,-30,-20,5:26:29 pm,1755518189029
3,1,0,-2,1,4,150,23,-30,180,50,5:26:32 pm,1755518192042
2,2,2,2,2,2,180,22,180,28.9,-160,5:26:35 pm,1755518195047
1,2,3,4,5,6,100,25,0,45,10,5:26:38 pm,1755518198055
0,-1,2,0,0,0,200,24,10,-30,-20,5:26:41 pm,1755518201059
3,1,0,-2,1,4,150,23,-30,180,50,5:26:44 pm,1755518204070
2,2,2,2,2,2,180,22,180,28.9,-160,5:26:47 pm,1755518207084
1,2,3,4,5,6,100,25,0,45,10,5:27:22 pm,1755518242688
0,-1,2,0,0,0,200,24,10,-30,-20,5:27:25 pm,1755518245681
3,1,0,-2,1,4,150,23,-30,180,50,5:27:28 pm,1755518248691
2,2,2,2,2,2,180,22,180,28.9,-160,5:27:31 pm,1755518251703
1,2,3,4,5,6,100,25,0,45,10,5:27:34 pm,1755518254709
0,-1,2,0,0,0,200,24,10,-30,-20,5:27:37 pm,1755518257716
3,1,0,-2,1,4,150,23,-30,180,50,5:27:40 pm,1755518260725
2,2,2,2,2,2,180,22,180,28.9,-160,5:27:43 pm,1755518263734
1,2,3,4,5,6,100,25,0,45,10,5:28:16 pm,1755518296420
0,-1,2,0,0,0,200,24,10,-30,-20,5:28:19 pm,1755518299417
3,1,0,-2,1,4,150,23,-30,180,50,5:28:22 pm,1755518302420
2,2,2,2,2,2,180,22,180,28.9,-160,5:28:25 pm,1755518305429
1,2,3,4,5,6,100,25,0,45,10,5:46:44 pm,1755519404214
0,-1,2,0,0,0,200,24,10,-30,-20,5:46:47 pm,1755519407159
1,2,3,4,5,6,100,25,0,45,10,5:48:55 pm,1755519535294
0,-1,2,0,0,0,200,24,10,-30,-20,5:48:58 pm,1755519538254
1,2,3,4,5,6,100,25,0,45,10,5:52:06 pm,1755519726250
0,-1,2,0,0,0,200,24,10,-30,-20,5:52:09 pm,1755519729195
3,1,0,-2,1,4,150,23,-30,180,50,5:52:12 pm,1755519732205
2,2,2,2,2,2,180,22,180,28.9,-160,5:52:15 pm,1755519735218
1,2,3,4,5,6,100,25,0,45,10,5:53:00 pm,1755519780740
0,-1,2,0,0,0,200,24,10,-30,-20,5:53:03 pm,1755519783691
3,1,0,-2,1,4,150,23,-30,180,50,5:53:06 pm,1755519786705
2,2,2,2,2,2,180,22,180,28.9,-160,5:53:09 pm,1755519789718
1,2,3,4,5,6,100,25,0,45,10,5:53:12 pm,1755519792729
0,-1,2,0,0,0,200,24,10,-30,-20,5:53:15 pm,1755519795743
3,1,0,-2,1,4,150,23,-30,180,50,5:53:18 pm,1755519798756
2,2,2,2,2,2,180,22,180,28.9,-160,5:53:21 pm,1755519801758
1,2,3,4,5,6,100,25,0,45,10,5:53:24 pm,1755519804766
0,-1,2,0,0,0,200,24,10,-30,-20,5:53:27 pm,1755519807779
3,1,0,-2,1,4,150,23,-30,180,50,5:53:30 pm,1755519810793
2,2,2,2,2,2,180,22,180,28.9,-160,5:53:33 pm,1755519813803
1,2,3,4,5,6,100,25,0,45,10,5:53:36 pm,1755519816809
0,-1,2,0,0,0,200,24,10,-30,-20,5:53:39 pm,1755519819817
1,2,3,4,5,6,100,25,0,45,10,6:17:31 pm,1755521251144
0,-1,2,0,0,0,200,24,10,-30,-20,6:17:34 pm,1755521254090
1,2,3,4,5,6,100,25,0,45,10,6:20:01 pm,1755521401824
0,-1,2,0,0,0,200,24,10,-30,-20,6:20:04 pm,1755521404758
3,1,0,-2,1,4,150,23,-30,180,50,6:20:07 pm,1755521407771
1,2,3,4,5,6,100,25,0,45,10,6:20:47 pm,1755521447838
0,-1,2,0,0,0,200,24,10,-30,-20,6:20:50 pm,1755521450797
1,2,3,4,5,6,100,25,0,45,10,6:22:00 pm,1755521520077
0,-1,2,0,0,0,200,24,10,-30,-20,6:22:03 pm,1755521523067
3,1,0,-2,1,4,150,23,-30,180,50,6:22:06 pm,1755521526072
2,2,2,2,2,2,180,22,180,28.9,-160,6:22:09 pm,1755521529079
1,2,3,4,5,6,100,25,0,45,10,6:22:12 pm,1755521532085
0,-1,2,0,0,0,200,24,10,-30,-20,6:22:15 pm,1755521535092
3,1,0,-2,1,4,150,23,-30,180,50,6:22:18 pm,1755521538099
1,2,3,4,5,6,100,25,0,45,10,6:22:45 pm,1755521565402
0,-1,2,0,0,0,200,24,10,-30,-20,6:22:48 pm,1755521568357
1,2,3,4,5,6,100,25,0,45,10,6:23:08 pm,1755521588821
0,-1,2,0,0,0,200,24,10,-30,-20,6:23:11 pm,1755521591772
3,1,0,-2,1,4,150,23,-30,180,50,6:23:14 pm,1755521594782
2,2,2,2,2,2,180,22,180,28.9,-160,6:23:17 pm,1755521597792
1,2,3,4,5,6,100,25,0,45,10,6:23:20 pm,1755521600804
0,-1,2,0,0,0,200,24,10,-30,-20,6:23:23 pm,1755521603813
3,1,0,-2,1,4,150,23,-30,180,50,6:23:26 pm,1755521606826
1,2,3,4,5,6,100,25,0,45,10,6:25:04 pm,1755521704177
0,-1,2,0,0,0,200,24,10,-30,-20,6:25:07 pm,1755521707135
3,1,0,-2,1,4,150,23,-30,180,50,6:25:10 pm,1755521710141
2,2,2,2,2,2,180,22,180,28.9,-160,6:25:13 pm,1755521713144
1,2,3,4,5,6,100,25,0,45,10,6:25:16 pm,1755521716154
0,-1,2,0,0,0,200,24,10,-30,-20,6:25:19 pm,1755521719167
3,1,0,-2,1,4,150,23,-30,180,50,6:25:22 pm,1755521722173
1,2,3,4,5,6,100,25,0,45,10,6:25:46 pm,1755521746643
0,-1,2,0,0,0,200,24,10,-30,-20,6:25:49 pm,1755521749644
1,2,3,4,5,6,100,25,0,45,10,6:26:09 pm,1755521769609
0,-1,2,0,0,0,200,24,10,-30,-20,6:26:12 pm,1755521772596
3,1,0,-2,1,4,150,23,-30,180,50,6:26:15 pm,1755521775603
2,2,2,2,2,2,180,22,180,28.9,-160,6:26:18 pm,1755521778610
1,2,3,4,5,6,100,25,0,45,10,6:26:21 pm,1755521781616
0,-1,2,0,0,0,200,24,10,-30,-20,6:26:24 pm,1755521784621
3,1,0,-2,1,4,150,23,-30,180,50,6:26:27 pm,1755521787632
2,2,2,2,2,2,180,22,180,28.9,-160,6:26:30 pm,1755521790645
1,2,3,4,5,6,100,25,0,45,10,6:26:33 pm,1755521793648
0,-1,2,0,0,0,200,24,10,-30,-20,6:26:36 pm,1755521796657
3,1,0,-2,1,4,150,23,-30,180,50,6:26:39 pm,1755521799665
2,2,2,2,2,2,180,22,180,28.9,-160,6:26:42 pm,1755521802676
1,2,3,4,5,6,100,25,0,45,10,6:26:45 pm,1755521805687
0,-1,2,0,0,0,200,24,10,-30,-20,6:26:48 pm,1755521808699
3,1,0,-2,1,4,150,23,-30,180,50,6:26:51 pm,1755521811706
2,2,2,2,2,2,180,22,180,28.9,-160,6:26:54 pm,1755521814715
1,2,3,4,5,6,100,25,0,45,10,6:26:57 pm,1755521817724
0,-1,2,0,0,0,200,24,10,-30,-20,6:27:00 pm,1755521820733
3,1,0,-2,1,4,150,23,-30,180,50,6:27:03 pm,1755521823735
2,2,2,2,2,2,180,22,180,28.9,-160,6:27:06 pm,1755521826745
1,2,3,4,5,6,100,25,0,45,10,6:27:09 pm,1755521829748
0,-1,2,0,0,0,200,24,10,-30,-20,6:27:12 pm,1755521832756
3,1,0,-2,1,4,150,23,-30,180,50,6:27:15 pm,1755521835756
2,2,2,2,2,2,180,22,180,28.9,-160,6:27:18 pm,1755521838763
1,2,3,4,5,6,100,25,0,45,10,6:27:21 pm,1755521841768
0,-1,2,0,0,0,200,24,10,-30,-20,6:27:24 pm,1755521844781
3,1,0,-2,1,4,150,23,-30,180,50,6:27:27 pm,1755521847783
2,2,2,2,2,2,180,22,180,28.9,-160,6:27:30 pm,1755521850790
1,2,3,4,5,6,100,25,0,45,10,6:27:33 pm,1755521853796
0,-1,2,0,0,0,200,24,10,-30,-20,6:27:36 pm,1755521856807
3,1,0,-2,1,4,150,23,-30,180,50,6:27:39 pm,1755521859811
2,2,2,2,2,2,180,22,180,28.9,-160,6:27:42 pm,1755521862814
1,2,3,4,5,6,100,25,0,45,10,6:27:45 pm,1755521865825
0,-1,2,0,0,0,200,24,10,-30,-20,6:27:48 pm,1755521868838
3,1,0,-2,1,4,150,23,-30,180,50,6:27:51 pm,1755521871852
2,2,2,2,2,2,180,22,180,28.9,-160,6:27:54 pm,1755521874862
1,2,3,4,5,6,100,25,0,45,10,6:27:57 pm,1755521877865
0,-1,2,0,0,0,200,24,10,-30,-20,6:28:00 pm,1755521880866
3,1,0,-2,1,4,150,23,-30,180,50,6:28:03 pm,1755521883880
2,2,2,2,2,2,180,22,180,28.9,-160,6:28:06 pm,1755521886891
1,2,3,4,5,6,100,25,0,45,10,6:28:09 pm,1755521889900
0,-1,2,0,0,0,200,24,10,-30,-20,6:28:12 pm,1755521892911
3,1,0,-2,1,4,150,23,-30,180,50,6:28:15 pm,1755521895922
2,2,2,2,2,2,180,22,180,28.9,-160,6:28:18 pm,1755521898929
1,2,3,4,5,6,100,25,0,45,10,6:28:21 pm,1755521901934
0,-1,2,0,0,0,200,24,10,-30,-20,6:28:24 pm,1755521904939
3,1,0,-2,1,4,150,23,-30,180,50,6:28:27 pm,1755521907949
2,2,2,2,2,2,180,22,180,28.9,-160,6:28:30 pm,1755521910953
1,2,3,4,5,6,100,25,0,45,10,6:28:33 pm,1755521913962
0,-1,2,0,0,0,200,24,10,-30,-20,6:28:36 pm,1755521916965
3,1,0,-2,1,4,150,23,-30,180,50,6:28:39 pm,1755521919970
2,2,2,2,2,2,180,22,180,28.9,-160,6:28:42 pm,1755521922985
1,2,3,4,5,6,100,25,0,45,10,6:28:45 pm,1755521925995
0,-1,2,0,0,0,200,24,10,-30,-20,6:28:49 pm,1755521929003
3,1,0,-2,1,4,150,23,-30,180,50,6:28:52 pm,1755521932014
2,2,2,2,2,2,180,22,180,28.9,-160,6:28:55 pm,1755521935021
1,2,3,4,5,6,100,25,0,45,10,6:28:58 pm,1755521938031
0,-1,2,0,0,0,200,24,10,-30,-20,6:29:01 pm,1755521941035
3,1,0,-2,1,4,150,23,-30,180,50,6:29:04 pm,1755521944043
2,2,2,2,2,2,180,22,180,28.9,-160,6:29:07 pm,1755521947045
1,2,3,4,5,6,100,25,0,45,10,6:29:10 pm,1755521950057
0,-1,2,0,0,0,200,24,10,-30,-20,6:29:13 pm,1755521953067
3,1,0,-2,1,4,150,23,-30,180,50,6:29:16 pm,1755521956082
2,2,2,2,2,2,180,22,180,28.9,-160,6:29:19 pm,1755521959094
1,2,3,4,5,6,100,25,0,45,10,6:29:22 pm,1755521962101
0,-1,2,0,0,0,200,24,10,-30,-20,6:29:25 pm,1755521965108
3,1,0,-2,1,4,150,23,-30,180,50,6:29:28 pm,1755521968120
2,2,2,2,2,2,180,22,180,28.9,-160,6:29:31 pm,1755521971130
1,2,3,4,5,6,100,25,0,45,10,6:29:34 pm,1755521974141
0,-1,2,0,0,0,200,24,10,-30,-20,6:29:37 pm,1755521977152
3,1,0,-2,1,4,150,23,-30,180,50,6:29:40 pm,1755521980163
2,2,2,2,2,2,180,22,180,28.9,-160,6:29:43 pm,1755521983171
1,2,3,4,5,6,100,25,0,45,10,6:29:46 pm,1755521986180
0,-1,2,0,0,0,200,24,10,-30,-20,6:29:49 pm,1755521989194
3,1,0,-2,1,4,150,23,-30,180,50,6:29:52 pm,1755521992195
2,2,2,2,2,2,180,22,180,28.9,-160,6:29:55 pm,1755521995201
1,2,3,4,5,6,100,25,0,45,10,6:29:58 pm,1755521998204
0,-1,2,0,0,0,200,24,10,-30,-20,6:30:01 pm,1755522001213
3,1,0,-2,1,4,150,23,-30,180,50,6:30:04 pm,1755522004218
2,2,2,2,2,2,180,22,180,28.9,-160,6:30:07 pm,1755522007225
1,2,3,4,5,6,100,25,0,45,10,6:30:10 pm,1755522010231
0,-1,2,0,0,0,200,24,10,-30,-20,6:30:13 pm,1755522013238
3,1,0,-2,1,4,150,23,-30,180,50,6:30:16 pm,1755522016245
2,2,2,2,2,2,180,22,180,28.9,-160,6:30:19 pm,1755522019254
1,2,3,4,5,6,100,25,0,45,10,6:30:22 pm,1755522022262
0,-1,2,0,0,0,200,24,10,-30,-20,6:30:25 pm,1755522025272
3,1,0,-2,1,4,150,23,-30,180,50,6:30:28 pm,1755522028286
2,2,2,2,2,2,180,22,180,28.9,-160,6:30:31 pm,1755522031296
1,2,3,4,5,6,100,25,0,45,10,6:30:34 pm,1755522034308
0,-1,2,0,0,0,200,24,10,-30,-20,6:30:37 pm,1755522037319
3,1,0,-2,1,4,150,23,-30,180,50,6:30:40 pm,1755522040326
2,2,2,2,2,2,180,22,180,28.9,-160,6:30:43 pm,1755522043333
1,2,3,4,5,6,100,25,0,45,10,6:30:46 pm,1755522046338
0,-1,2,0,0,0,200,24,10,-30,-20,6:30:49 pm,1755522049337
3,1,0,-2,1,4,150,23,-30,180,50,6:30:52 pm,1755522052348
2,2,2,2,2,2,180,22,180,28.9,-160,6:30:55 pm,1755522055357
1,2,3,4,5,6,100,25,0,45,10,6:30:58 pm,1755522058359
0,-1,2,0,0,0,200,24,10,-30,-20,6:31:01 pm,1755522061366
3,1,0,-2,1,4,150,23,-30,180,50,6:31:04 pm,1755522064374
2,2,2,2,2,2,180,22,180,28.9,-160,6:31:07 pm,1755522067388
1,2,3,4,5,6,100,25,0,45,10,6:31:10 pm,1755522070397
0,-1,2,0,0,0,200,24,10,-30,-20,6:31:13 pm,1755522073404
3,1,0,-2,1,4,150,23,-30,180,50,6:31:16 pm,1755522076411
2,2,2,2,2,2,180,22,180,28.9,-160,6:31:19 pm,1755522079418
1,2,3,4,5,6,100,25,0,45,10,6:31:22 pm,1755522082428
0,-1,2,0,0,0,200,24,10,-30,-20,6:31:25 pm,1755522085436
3,1,0,-2,1,4,150,23,-30,180,50,6:31:28 pm,1755522088444
2,2,2,2,2,2,180,22,180,28.9,-160,6:31:31 pm,1755522091451
1,2,3,4,5,6,100,25,0,45,10,6:31:34 pm,1755522094460
0,-1,2,0,0,0,200,24,10,-30,-20,6:31:37 pm,1755522097466
3,1,0,-2,1,4,150,23,-30,180,50,6:31:40 pm,1755522100471
2,2,2,2,2,2,180,22,180,28.9,-160,6:31:43 pm,1755522103478
1,2,3,4,5,6,100,25,0,45,10,6:31:46 pm,1755522106487
0,-1,2,0,0,0,200,24,10,-30,-20,6:31:49 pm,1755522109493
3,1,0,-2,1,4,150,23,-30,180,50,6:31:52 pm,1755522112498
2,2,2,2,2,2,180,22,180,28.9,-160,6:31:55 pm,1755522115500
1,2,3,4,5,6,100,25,0,45,10,6:31:58 pm,1755522118508
0,-1,2,0,0,0,200,24,10,-30,-20,6:32:01 pm,1755522121516
3,1,0,-2,1,4,150,23,-30,180,50,6:32:04 pm,1755522124526
2,2,2,2,2,2,180,22,180,28.9,-160,6:32:07 pm,1755522127534
1,2,3,4,5,6,100,25,0,45,10,6:32:10 pm,1755522130537
0,-1,2,0,0,0,200,24,10,-30,-20,6:32:13 pm,1755522133552
3,1,0,-2,1,4,150,23,-30,180,50,6:32:16 pm,1755522136557
2,2,2,2,2,2,180,22,180,28.9,-160,6:32:19 pm,1755522139562
1,2,3,4,5,6,100,25,0,45,10,6:32:22 pm,1755522142571
0,-1,2,0,0,0,200,24,10,-30,-20,6:32:25 pm,1755522145580
3,1,0,-2,1,4,150,23,-30,180,50,6:32:28 pm,1755522148592
2,2,2,2,2,2,180,22,180,28.9,-160,6:32:31 pm,1755522151598
1,2,3,4,5,6,100,25,0,45,10,6:32:34 pm,1755522154601
0,-1,2,0,0,0,200,24,10,-30,-20,6:32:37 pm,1755522157608
3,1,0,-2,1,4,150,23,-30,180,50,6:32:40 pm,1755522160618
2,2,2,2,2,2,180,22,180,28.9,-160,6:32:43 pm,1755522163625
1,2,3,4,5,6,100,25,0,45,10,6:32:46 pm,1755522166639
0,-1,2,0,0,0,200,24,10,-30,-20,6:32:49 pm,1755522169644
3,1,0,-2,1,4,150,23,-30,180,50,6:32:52 pm,1755522172656
2,2,2,2,2,2,180,22,180,28.9,-160,6:32:55 pm,1755522175662
1,2,3,4,5,6,100,25,0,45,10,6:32:58 pm,1755522178674
0,-1,2,0,0,0,200,24,10,-30,-20,6:33:01 pm,1755522181685
1,2,3,4,5,6,100,25,0,45,10,6:34:33 pm,1755522273960
0,-1,2,0,0,0,200,24,10,-30,-20,6:34:36 pm,1755522276910
3,1,0,-2,1,4,150,23,-30,180,50,6:34:39 pm,1755522279923
2,2,2,2,2,2,180,22,180,28.9,-160,6:34:42 pm,1755522282935
1,2,3,4,5,6,100,25,0,45,10,6:34:45 pm,1755522285943
0,-1,2,0,0,0,200,24,10,-30,-20,6:34:48 pm,1755522288947
3,1,0,-2,1,4,150,23,-30,180,50,6:34:51 pm,1755522291954
2,2,2,2,2,2,180,22,180,28.9,-160,6:34:54 pm,1755522294965
1,2,3,4,5,6,100,25,0,45,10,6:34:57 pm,1755522297976
0,-1,2,0,0,0,200,24,10,-30,-20,6:35:00 pm,1755522300984
3,1,0,-2,1,4,150,23,-30,180,50,6:35:03 pm,1755522303993
2,2,2,2,2,2,180,22,180,28.9,-160,6:35:07 pm,1755522307000
1,2,3,4,5,6,100,25,0,45,10,6:35:10 pm,1755522310008
0,-1,2,0,0,0,200,24,10,-30,-20,6:35:13 pm,1755522313021
3,1,0,-2,1,4,150,23,-30,180,50,6:35:16 pm,1755522316028
1,2,3,4,5,6,100,25,0,45,10,8:09:45 pm,1755527985881
0,-1,2,0,0,0,200,24,10,-30,-20,8:09:48 pm,1755527988776
3,1,0,-2,1,4,150,23,-30,180,50,8:09:51 pm,1755527991780
2,2,2,2,2,2,180,22,180,28.9,-160,8:09:54 pm,1755527994787
1,2,3,4,5,6,100,25,0,45,10,8:09:57 pm,1755527997788
0,-1,2,0,0,0,200,24,10,-30,-20,8:10:00 pm,1755528000800
3,1,0,-2,1,4,150,23,-30,180,50,8:10:03 pm,1755528003813
2,2,2,2,2,2,180,22,180,28.9,-160,8:10:06 pm,1755528006813
1,2,3,4,5,6,100,25,0,45,10,8:10:09 pm,1755528009819
0,-1,2,0,0,0,200,24,10,-30,-20,8:10:12 pm,1755528012831
3,1,0,-2,1,4,150,23,-30,180,50,8:10:15 pm,1755528015840
2,2,2,2,2,2,180,22,180,28.9,-160,8:10:18 pm,1755528018845
1,2,3,4,5,6,100,25,0,45,10,8:10:21 pm,1755528021847
0,-1,2,0,0,0,200,24,10,-30,-20,8:10:24 pm,1755528024860
3,1,0,-2,1,4,150,23,-30,180,50,8:10:27 pm,1755528027865
2,2,2,2,2,2,180,22,180,28.9,-160,8:10:30 pm,1755528030893
1,2,3,4,5,6,100,25,0,45,10,8:10:33 pm,1755528033903
0,-1,2,0,0,0,200,24,10,-30,-20,8:10:36 pm,1755528036914
3,1,0,-2,1,4,150,23,-30,180,50,8:10:39 pm,1755528039916
2,2,2,2,2,2,180,22,180,28.9,-160,8:10:42 pm,1755528042922
1,2,3,4,5,6,100,25,0,45,10,8:10:45 pm,1755528045934
1,2,3,4,5,6,100,25,0,45,10,8:12:42 pm,1755528162374
0,-1,2,0,0,0,200,24,10,-30,-20,8:12:45 pm,1755528165283
3,1,0,-2,1,4,150,23,-30,180,50,8:12:48 pm,1755528168287
2,2,2,2,2,2,180,22,180,28.9,-160,8:12:51 pm,1755528171292
1,2,3,4,5,6,100,25,0,45,10,8:12:54 pm,1755528174305
0,-1,2,0,0,0,200,24,10,-30,-20,8:12:57 pm,1755528177319
3,1,0,-2,1,4,150,23,-30,180,50,8:13:00 pm,1755528180331
2,2,2,2,2,2,180,22,180,28.9,-160,8:13:03 pm,1755528183338
1,2,3,4,5,6,100,25,0,45,10,8:13:06 pm,1755528186340
0,-1,2,0,0,0,200,24,10,-30,-20,8:13:09 pm,1755528189343
3,1,0,-2,1,4,150,23,-30,180,50,8:13:12 pm,1755528192356
2,2,2,2,2,2,180,22,180,28.9,-160,8:13:15 pm,1755528195368
1,2,3,4,5,6,100,25,0,45,10,8:13:18 pm,1755528198374
0,-1,2,0,0,0,200,24,10,-30,-20,8:13:21 pm,1755528201375
3,1,0,-2,1,4,150,23,-30,180,50,8:13:24 pm,1755528204391
2,2,2,2,2,2,180,22,180,28.9,-160,8:13:27 pm,1755528207392
1,2,3,4,5,6,100,25,0,45,10,8:13:30 pm,1755528210404
0,-1,2,0,0,0,200,24,10,-30,-20,8:13:33 pm,1755528213406
3,1,0,-2,1,4,150,23,-30,180,50,8:13:36 pm,1755528216421
2,2,2,2,2,2,180,22,180,28.9,-160,8:13:39 pm,1755528219429
1,2,3,4,5,6,100,25,0,45,10,8:13:42 pm,1755528222434
0,-1,2,0,0,0,200,24,10,-30,-20,8:13:45 pm,1755528225441
3,1,0,-2,1,4,150,23,-30,180,50,8:13:48 pm,1755528228449
2,2,2,2,2,2,180,22,180,28.9,-160,8:13:51 pm,1755528231458
1,2,3,4,5,6,100,25,0,45,10,8:13:54 pm,1755528234464
0,-1,2,0,0,0,200,24,10,-30,-20,8:13:57 pm,1755528237465
3,1,0,-2,1,4,150,23,-30,180,50,8:14:00 pm,1755528240474
2,2,2,2,2,2,180,22,180,28.9,-160,8:14:03 pm,1755528243486
1,2,3,4,5,6,100,25,0,45,10,8:14:06 pm,1755528246491
0,-1,2,0,0,0,200,24,10,-30,-20,8:14:09 pm,1755528249495
3,1,0,-2,1,4,150,23,-30,180,50,8:14:12 pm,1755528252509
1,2,3,4,5,6,100,25,0,45,10,9:08:20 pm,1755531501297
0,-1,2,0,0,0,200,24,10,-30,-20,9:08:23 pm,1755531503717
3,1,0,-2,1,4,150,23,-30,180,50,9:08:26 pm,1755531506725
2,2,2,2,2,2,180,22,180,28.9,-160,9:08:29 pm,1755531509726
1,2,3,4,5,6,100,25,0,45,10,9:08:32 pm,1755531512737
0,-1,2,0,0,0,200,24,10,-30,-20,9:08:35 pm,1755531515748
3,1,0,-2,1,4,150,23,-30,180,50,9:08:38 pm,1755531518761
2,2,2,2,2,2,180,22,180,28.9,-160,9:08:41 pm,1755531521765
1,2,3,4,5,6,100,25,0,45,10,9:08:44 pm,1755531524770
0,-1,2,0,0,0,200,24,10,-30,-20,9:08:47 pm,1755531527773
3,1,0,-2,1,4,150,23,-30,180,50,9:08:50 pm,1755531530776
2,2,2,2,2,2,180,22,180,28.9,-160,9:08:53 pm,1755531533777
1,2,3,4,5,6,100,25,0,45,10,9:08:56 pm,1755531536781
0,-1,2,0,0,0,200,24,10,-30,-20,9:08:59 pm,1755531539786
3,1,0,-2,1,4,150,23,-30,180,50,9:09:02 pm,1755531542789
2,2,2,2,2,2,180,22,180,28.9,-160,9:09:05 pm,1755531545798
1,2,3,4,5,6,100,25,0,45,10,9:09:08 pm,1755531548810
1,2,3,4,5,6,100,25,0,45,10,9:12:41 pm,1755531761221
0,-1,2,0,0,0,200,24,10,-30,-20,9:12:44 pm,1755531764171
3,1,0,-2,1,4,150,23,-30,180,50,9:12:47 pm,1755531767171
2,2,2,2,2,2,180,22,180,28.9,-160,9:12:50 pm,1755531770182
1,2,3,4,5,6,100,25,0,45,10,9:12:53 pm,1755531773197
0,-1,2,0,0,0,200,24,10,-30,-20,9:12:56 pm,1755531776201
3,1,0,-2,1,4,150,23,-30,180,50,9:12:59 pm,1755531779213
2,2,2,2,2,2,180,22,180,28.9,-160,9:13:02 pm,1755531782215
1,2,3,4,5,6,100,25,0,45,10,9:13:05 pm,1755531785222
0,-1,2,0,0,0,200,24,10,-30,-20,9:13:08 pm,1755531788231
3,1,0,-2,1,4,150,23,-30,180,50,9:13:11 pm,1755531791243
2,2,2,2,2,2,180,22,180,28.9,-160,9:13:14 pm,1755531794254
1,2,3,4,5,6,100,25,0,45,10,9:13:17 pm,1755531797256
0,-1,2,0,0,0,200,24,10,-30,-20,9:13:20 pm,1755531800263
3,1,0,-2,1,4,150,23,-30,180,50,9:13:23 pm,1755531803267
2,2,2,2,2,2,180,22,180,28.9,-160,9:13:26 pm,1755531806281
1,2,3,4,5,6,100,25,0,45,10,9:13:29 pm,1755531809286
0,-1,2,0,0,0,200,24,10,-30,-20,9:13:32 pm,1755531812292
3,1,0,-2,1,4,150,23,-30,180,50,9:13:35 pm,1755531815297
2,2,2,2,2,2,180,22,180,28.9,-160,9:13:38 pm,1755531818306
1,2,3,4,5,6,100,25,0,45,10,9:13:41 pm,1755531821317
0,-1,2,0,0,0,200,24,10,-30,-20,9:13:44 pm,1755531824320
3,1,0,-2,1,4,150,23,-30,180,50,9:13:47 pm,1755531827330
2,2,2,2,2,2,180,22,180,28.9,-160,9:13:50 pm,1755531830333
1,2,3,4,5,6,100,25,0,45,10,9:13:53 pm,1755531833343
0,-1,2,0,0,0,200,24,10,-30,-20,9:13:56 pm,1755531836353
3,1,0,-2,1,4,150,23,-30,180,50,9:13:59 pm,1755531839363
2,2,2,2,2,2,180,22,180,28.9,-160,9:14:02 pm,1755531842369
1,2,3,4,5,6,100,25,0,45,10,9:14:05 pm,1755531845382
0,-1,2,0,0,0,200,24,10,-30,-20,9:14:08 pm,1755531848392
3,1,0,-2,1,4,150,23,-30,180,50,9:14:11 pm,1755531851398
2,2,2,2,2,2,180,22,180,28.9,-160,9:14:14 pm,1755531854400
1,2,3,4,5,6,100,25,0,45,10,9:14:17 pm,1755531857404
0,-1,2,0,0,0,200,24,10,-30,-20,9:14:20 pm,1755531860406
3,1,0,-2,1,4,150,23,-30,180,50,9:14:23 pm,1755531863415
2,2,2,2,2,2,180,22,180,28.9,-160,9:14:26 pm,1755531866428
1,2,3,4,5,6,100,25,0,45,10,9:14:29 pm,1755531869440
0,-1,2,0,0,0,200,24,10,-30,-20,9:14:32 pm,1755531872442
3,1,0,-2,1,4,150,23,-30,180,50,9:14:35 pm,1755531875452
2,2,2,2,2,2,180,22,180,28.9,-160,9:14:38 pm,1755531878456
1,2,3,4,5,6,100,25,0,45,10,9:14:41 pm,1755531881468
0,-1,2,0,0,0,200,24,10,-30,-20,9:14:44 pm,1755531884472
3,1,0,-2,1,4,150,23,-30,180,50,9:14:47 pm,1755531887477
2,2,2,2,2,2,180,22,180,28.9,-160,9:14:50 pm,1755531890488
1,2,3,4,5,6,100,25,0,45,10,9:14:53 pm,1755531893496
0,-1,2,0,0,0,200,24,10,-30,-20,9:14:56 pm,1755531896507
3,1,0,-2,1,4,150,23,-30,180,50,9:14:59 pm,1755531899511
2,2,2,2,2,2,180,22,180,28.9,-160,9:15:02 pm,1755531902512
1,2,3,4,5,6,100,25,0,45,10,9:15:05 pm,1755531905514
0,-1,2,0,0,0,200,24,10,-30,-20,9:15:08 pm,1755531908526
3,1,0,-2,1,4,150,23,-30,180,50,9:15:11 pm,1755531911534
2,2,2,2,2,2,180,22,180,28.9,-160,9:15:14 pm,1755531914542
1,2,3,4,5,6,100,25,0,45,10,9:15:17 pm,1755531917558
0,-1,2,0,0,0,200,24,10,-30,-20,9:15:20 pm,1755531920561
3,1,0,-2,1,4,150,23,-30,180,50,9:15:23 pm,1755531923564
2,2,2,2,2,2,180,22,180,28.9,-160,9:15:26 pm,1755531926568
1,2,3,4,5,6,100,25,0,45,10,9:15:29 pm,1755531929579
0,-1,2,0,0,0,200,24,10,-30,-20,9:15:32 pm,1755531932594
3,1,0,-2,1,4,150,23,-30,180,50,9:15:35 pm,1755531935608
2,2,2,2,2,2,180,22,180,28.9,-160,9:15:38 pm,1755531938617
1,2,3,4,5,6,100,25,0,45,10,9:15:58 pm,1755531958206
0,-1,2,0,0,0,200,24,10,-30,-20,9:16:01 pm,1755531961158
1,2,3,4,5,6,100,25,0,45,10,9:17:51 pm,1755532071854
0,-1,2,0,0,0,200,24,10,-30,-20,9:17:54 pm,1755532074796
3,1,0,-2,1,4,150,23,-30,180,50,9:17:57 pm,1755532077799
2,2,2,2,2,2,180,22,180,28.9,-160,9:18:00 pm,1755532080813
1,2,3,4,5,6,100,25,0,45,10,9:18:03 pm,1755532083817
0,-1,2,0,0,0,200,24,10,-30,-20,9:18:06 pm,1755532086820
3,1,0,-2,1,4,150,23,-30,180,50,9:18:09 pm,1755532089827
2,2,2,2,2,2,180,22,180,28.9,-160,9:18:12 pm,1755532092838
1,2,3,4,5,6,100,25,0,45,10,9:18:15 pm,1755532095840
0,-1,2,0,0,0,200,24,10,-30,-20,9:18:18 pm,1755532098848
3,1,0,-2,1,4,150,23,-30,180,50,9:18:21 pm,1755532101850
2,2,2,2,2,2,180,22,180,28.9,-160,9:18:24 pm,1755532104858
1,2,3,4,5,6,100,25,0,45,10,9:18:27 pm,1755532107869
0,-1,2,0,0,0,200,24,10,-30,-20,9:18:30 pm,1755532110883
3,1,0,-2,1,4,150,23,-30,180,50,9:18:33 pm,1755532113892
2,2,2,2,2,2,180,22,180,28.9,-160,9:18:36 pm,1755532116899
1,2,3,4,5,6,100,25,0,45,10,9:18:39 pm,1755532119913
0,-1,2,0,0,0,200,24,10,-30,-20,9:18:42 pm,1755532122921
3,1,0,-2,1,4,150,23,-30,180,50,9:18:45 pm,1755532125936
2,2,2,2,2,2,180,22,180,28.9,-160,9:18:48 pm,1755532128944
1,2,3,4,5,6,100,25,0,45,10,9:18:51 pm,1755532131950
0,-1,2,0,0,0,200,24,10,-30,-20,9:18:54 pm,1755532134960
3,1,0,-2,1,4,150,23,-30,180,50,9:18:57 pm,1755532137968
2,2,2,2,2,2,180,22,180,28.9,-160,9:19:00 pm,1755532140973
1,2,3,4,5,6,100,25,0,45,10,9:19:03 pm,1755532143978
0,-1,2,0,0,0,200,24,10,-30,-20,9:19:06 pm,1755532146981
3,1,0,-2,1,4,150,23,-30,180,50,9:19:09 pm,1755532149983
2,2,2,2,2,2,180,22,180,28.9,-160,9:19:12 pm,1755532152995
1,2,3,4,5,6,100,25,0,45,10,9:19:16 pm,1755532156006
0,-1,2,0,0,0,200,24,10,-30,-20,9:19:19 pm,1755532159015
3,1,0,-2,1,4,150,23,-30,180,50,9:19:22 pm,1755532162020
2,2,2,2,2,2,180,22,180,28.9,-160,9:19:25 pm,1755532165033
1,2,3,4,5,6,100,25,0,45,10,9:19:28 pm,1755532168046
1,2,3,4,5,6,100,25,0,45,10,9:19:50 pm,1755532190088
0,-1,2,0,0,0,200,24,10,-30,-20,9:19:53 pm,1755532193039
3,1,0,-2,1,4,150,23,-30,180,50,9:19:56 pm,1755532196046
2,2,2,2,2,2,180,22,180,28.9,-160,9:19:59 pm,1755532199055
1,2,3,4,5,6,100,25,0,45,10,9:20:02 pm,1755532202068
0,-1,2,0,0,0,200,24,10,-30,-20,9:20:05 pm,1755532205079
3,1,0,-2,1,4,150,23,-30,180,50,9:20:08 pm,1755532208090
2,2,2,2,2,2,180,22,180,28.9,-160,9:20:11 pm,1755532211095
1,2,3,4,5,6,100,25,0,45,10,9:20:14 pm,1755532214109
0,-1,2,0,0,0,200,24,10,-30,-20,9:20:17 pm,1755532217110
3,1,0,-2,1,4,150,23,-30,180,50,9:20:20 pm,1755532220121
2,2,2,2,2,2,180,22,180,28.9,-160,9:20:23 pm,1755532223129
1,2,3,4,5,6,100,25,0,45,10,9:20:26 pm,1755532226133
0,-1,2,0,0,0,200,24,10,-30,-20,9:20:29 pm,1755532229142
3,1,0,-2,1,4,150,23,-30,180,50,9:20:32 pm,1755532232148
2,2,2,2,2,2,180,22,180,28.9,-160,9:20:35 pm,1755532235162
1,2,3,4,5,6,100,25,0,45,10,9:20:38 pm,1755532238171
0,-1,2,0,0,0,200,24,10,-30,-20,9:20:41 pm,1755532241175
3,1,0,-2,1,4,150,23,-30,180,50,9:20:44 pm,1755532244184
2,2,2,2,2,2,180,22,180,28.9,-160,9:20:47 pm,1755532247199
1,2,3,4,5,6,100,25,0,45,10,9:20:50 pm,1755532250209
0,-1,2,0,0,0,200,24,10,-30,-20,9:20:53 pm,1755532253223
3,1,0,-2,1,4,150,23,-30,180,50,9:20:56 pm,1755532256232
2,2,2,2,2,2,180,22,180,28.9,-160,9:20:59 pm,1755532259235
1,2,3,4,5,6,100,25,0,45,10,9:21:02 pm,1755532262245
0,-1,2,0,0,0,200,24,10,-30,-20,9:21:05 pm,1755532265251
3,1,0,-2,1,4,150,23,-30,180,50,9:21:08 pm,1755532268265
1,2,3,4,5,6,100,25,0,45,10,9:36:17 pm,1755533178053
0,-1,2,0,0,0,200,24,10,-30,-20,9:36:20 pm,1755533180999
3,1,0,-2,1,4,150,23,-30,180,50,9:36:24 pm,1755533184005
2,2,2,2,2,2,180,22,180,28.9,-160,9:36:27 pm,1755533187012
1,2,3,4,5,6,100,25,0,45,10,9:36:30 pm,1755533190021
0,-1,2,0,0,0,200,24,10,-30,-20,9:36:33 pm,1755533193030
3,1,0,-2,1,4,150,23,-30,180,50,9:36:36 pm,1755533196035
2,2,2,2,2,2,180,22,180,28.9,-160,9:36:39 pm,1755533199050
1,2,3,4,5,6,100,25,0,45,10,9:39:07 pm,1755533347723
0,-1,2,0,0,0,200,24,10,-30,-20,9:39:10 pm,1755533350665
3,1,0,-2,1,4,150,23,-30,180,50,9:39:13 pm,1755533353666
2,2,2,2,2,2,180,22,180,28.9,-160,9:39:16 pm,1755533356674
1,2,3,4,5,6,100,25,0,45,10,9:39:19 pm,1755533359684
0,-1,2,0,0,0,200,24,10,-30,-20,9:39:22 pm,1755533362697
3,1,0,-2,1,4,150,23,-30,180,50,9:39:25 pm,1755533365700
1,2,3,4,5,6,100,25,0,45,10,9:42:45 pm,1755533565489
0,-1,2,0,0,0,200,24,10,-30,-20,9:42:48 pm,1755533568440
3,1,0,-2,1,4,150,23,-30,180,50,9:42:51 pm,1755533571451
2,2,2,2,2,2,180,22,180,28.9,-160,9:42:54 pm,1755533574454
1,2,3,4,5,6,100,25,0,45,10,9:46:34 pm,1755533794369
0,-1,2,0,0,0,200,24,10,-30,-20,9:46:37 pm,1755533797315
3,1,0,-2,1,4,150,23,-30,180,50,9:46:40 pm,1755533800319
2,2,2,2,2,2,180,22,180,28.9,-160,9:46:43 pm,1755533803326
1,2,3,4,5,6,100,25,0,45,10,9:46:46 pm,1755533806330
0,-1,2,0,0,0,200,24,10,-30,-20,9:46:49 pm,1755533809341
3,1,0,-2,1,4,150,23,-30,180,50,9:46:52 pm,1755533812348
2,2,2,2,2,2,180,22,180,28.9,-160,9:46:55 pm,1755533815353
1,2,3,4,5,6,100,25,0,45,10,9:54:30 pm,1755534270252
0,-1,2,0,0,0,200,24,10,-30,-20,9:54:33 pm,1755534273206
3,1,0,-2,1,4,150,23,-30,180,50,9:54:36 pm,1755534276216
2,2,2,2,2,2,180,22,180,28.9,-160,9:54:39 pm,1755534279218
1,2,3,4,5,6,100,25,0,45,10,9:54:42 pm,1755534282219
0,-1,2,0,0,0,200,24,10,-30,-20,9:54:45 pm,1755534285232
3,1,0,-2,1,4,150,23,-30,180,50,9:54:48 pm,1755534288233
2,2,2,2,2,2,180,22,180,28.9,-160,9:54:51 pm,1755534291244
1,2,3,4,5,6,100,25,0,45,10,9:54:54 pm,1755534294248
0,-1,2,0,0,0,200,24,10,-30,-20,9:54:57 pm,1755534297255
3,1,0,-2,1,4,150,23,-30,180,50,9:55:00 pm,1755534300258
2,2,2,2,2,2,180,22,180,28.9,-160,9:55:03 pm,1755534303260
1,2,3,4,5,6,100,25,0,45,10,9:55:06 pm,1755534306266
0,-1,2,0,0,0,200,24,10,-30,-20,9:55:09 pm,1755534309272
3,1,0,-2,1,4,150,23,-30,180,50,9:55:12 pm,1755534312281
2,2,2,2,2,2,180,22,180,28.9,-160,9:55:15 pm,1755534315288
1,2,3,4,5,6,100,25,0,45,10,9:55:18 pm,1755534318298
1,2,3,4,5,6,100,25,0,45,10,9:58:37 pm,1755534518026
0,-1,2,0,0,0,200,24,10,-30,-20,9:58:40 pm,1755534520971
3,1,0,-2,1,4,150,23,-30,180,50,9:58:43 pm,1755534523976
2,2,2,2,2,2,180,22,180,28.9,-160,9:58:46 pm,1755534526989
1,2,3,4,5,6,100,25,0,45,10,9:58:50 pm,1755534530003
0,-1,2,0,0,0,200,24,10,-30,-20,9:58:53 pm,1755534533003
3,1,0,-2,1,4,150,23,-30,180,50,9:58:56 pm,1755534536011
2,2,2,2,2,2,180,22,180,28.9,-160,9:58:59 pm,1755534539015
1,2,3,4,5,6,100,25,0,45,10,9:59:02 pm,1755534542024
1,2,3,4,5,6,100,25,0,45,10,10:07:07 pm,1755535027817
0,-1,2,0,0,0,200,24,10,-30,-20,10:07:10 pm,1755535030739
3,1,0,-2,1,4,150,23,-30,180,50,10:07:13 pm,1755535033751
2,2,2,2,2,2,180,22,180,28.9,-160,10:07:16 pm,1755535036765
1,2,3,4,5,6,100,25,0,45,10,10:07:19 pm,1755535039771
0,-1,2,0,0,0,200,24,10,-30,-20,10:07:22 pm,1755535042786
3,1,0,-2,1,4,150,23,-30,180,50,10:07:25 pm,1755535045794
2,2,2,2,2,2,180,22,180,28.9,-160,10:07:28 pm,1755535048797
1,2,3,4,5,6,100,25,0,45,10,10:07:31 pm,1755535051806
0,-1,2,0,0,0,200,24,10,-30,-20,10:07:34 pm,1755535054811
3,1,0,-2,1,4,150,23,-30,180,50,10:07:37 pm,1755535057819
2,2,2,2,2,2,180,22,180,28.9,-160,10:07:40 pm,1755535060826
1,2,3,4,5,6,100,25,0,45,10,10:07:43 pm,1755535063827
0,-1,2,0,0,0,200,24,10,-30,-20,10:07:46 pm,1755535066835
